user_id,channel,date,feedback
U001,Google Reviews,2026-09-01,Search is very slow and often cannot find saved reports.
U002,App Store,2026-09-02,I cannot find saved reports. Search is confusing.
U003,Support,2026-09-02,The mobile app crashes when I open a large dashboard.
U004,Support,2026-09-03,Search is very slow and often cannot find saved reports.
U005,Calls,2026-09-04,We need better reporting and cohort comparisons.
U006,Community,2026-09-05,The collaboration features are great and easy to use.
U007,Google Reviews,2026-09-06,Login gives me an error sometimes.
U008,Support,2026-09-07,Search takes forever and results are wrong.
U009,App Store,2026-09-08,The new dashboard is excellent and fast.
U010,Calls,2026-09-09,The mobile app is slow when scrolling large workspaces.
U011,Support,2026-09-10,I am stuck during onboarding and do not know which workspace to choose.
U012,Google Reviews,2026-09-11,Search is very slow and often cannot find saved reports.
